SH Wins,UTS Wins,Ties,Total Runs
1,0,0,1
2,0,0,2
3,0,0,3
4,0,0,4
4.5,0.5,1,5
5.0,1.0,2,6
6.0,1.0,2,7
7.0,1.0,2,8
8.0,1.0,2,9
9.0,1.0,2,10
10.0,1.0,2,11
11.0,1.0,2,12
12.0,1.0,2,13
13.0,1.0,2,14
14.0,1.0,2,15
15.0,1.0,2,16
16.0,1.0,2,17
17.0,1.0,2,18
18.0,1.0,2,19
19.0,1.0,2,20
20.0,1.0,2,21
21.0,1.0,2,22
21.5,1.5,3,23
22.5,1.5,3,24
23.5,1.5,3,25
24.5,1.5,3,26
25.5,1.5,3,27
26.5,1.5,3,28
27.5,1.5,3,29
28.5,1.5,3,30
29.5,1.5,3,31
30.5,1.5,3,32
31.5,1.5,3,33
32.5,1.5,3,34
33.5,1.5,3,35
34.5,1.5,3,36
35.5,1.5,3,37
36.5,1.5,3,38
37.5,1.5,3,39
38.5,1.5,3,40
39.5,1.5,3,41
40.5,1.5,3,42
41.5,1.5,3,43
42.5,1.5,3,44
43.5,1.5,3,45
44.5,1.5,3,46
45.5,1.5,3,47
46.5,1.5,3,48
47.0,2.0,4,49
48.0,2.0,4,50
49.0,2.0,4,51
50.0,2.0,4,52
51.0,2.0,4,53
52.0,2.0,4,54
53.0,2.0,4,55
54.0,2.0,4,56
54.5,2.5,5,57
55.5,2.5,5,58
56.5,2.5,5,59
57.5,2.5,5,60
58.5,2.5,5,61
59.5,2.5,5,62
60.5,2.5,5,63
61.5,2.5,5,64
62.5,2.5,5,65
63.5,2.5,5,66
64.5,2.5,5,67
65.0,3.0,6,68
66.0,3.0,6,69
66.5,3.5,7,70
67.5,3.5,7,71
68.5,3.5,7,72
69.5,3.5,7,73
70.5,3.5,7,74
71.5,3.5,7,75
72.5,3.5,7,76
73.5,3.5,7,77
74.0,4.0,8,78
75.0,4.0,8,79
76.0,4.0,8,80
77.0,4.0,8,81
78.0,4.0,8,82
79.0,4.0,8,83
79.5,4.5,9,84
80.5,4.5,9,85
81.5,4.5,9,86
82.5,4.5,9,87
83.5,4.5,9,88
84.5,4.5,9,89
85.5,4.5,9,90
86.5,4.5,9,91
87.5,4.5,9,92
88.5,4.5,9,93
89.5,4.5,9,94
90.5,4.5,9,95
91.5,4.5,9,96
92.5,4.5,9,97
93.5,4.5,9,98
94.5,4.5,9,99
95.5,4.5,9,100
96.5,4.5,9,101
97.5,4.5,9,102
98.5,4.5,9,103
99.0,5.0,10,104
99.5,5.5,11,105
100.5,5.5,11,106
101.5,5.5,11,107
102.5,5.5,11,108
103.0,6.0,12,109
103.5,6.5,13,110
104.5,6.5,13,111
105.5,6.5,13,112
106.5,6.5,13,113
107.5,6.5,13,114
108.5,6.5,13,115
109.5,6.5,13,116
110.5,6.5,13,117
111.0,7.0,14,118
112.0,7.0,14,119
113.0,7.0,14,120
113.5,7.5,15,121
114.0,8.0,16,122
115.0,8.0,16,123
116.0,8.0,16,124
117.0,8.0,16,125
118.0,8.0,16,126
119.0,8.0,16,127
120.0,8.0,16,128
121.0,8.0,16,129
122.0,8.0,16,130
123.0,8.0,16,131
124.0,8.0,16,132
124.5,8.5,17,133
125.5,8.5,17,134
126.5,8.5,17,135
127.5,8.5,17,136
128.5,8.5,17,137
129.0,9.0,18,138
130.0,9.0,18,139
131.0,9.0,18,140
132.0,9.0,18,141
133.0,9.0,18,142
134.0,9.0,18,143
135.0,9.0,18,144
136.0,9.0,18,145
137.0,9.0,18,146
138.0,9.0,18,147
139.0,9.0,18,148
140.0,9.0,18,149
141.0,9.0,18,150
141.5,9.5,19,151
142.5,9.5,19,152
143.5,9.5,19,153
144.0,10.0,20,154
144.5,10.5,21,155
145.5,10.5,21,156
146.5,10.5,21,157
147.5,10.5,21,158
148.0,11.0,22,159
149.0,11.0,22,160
150.0,11.0,22,161
151.0,11.0,22,162
152.0,11.0,22,163
153.0,11.0,22,164
154.0,11.0,22,165
155.0,11.0,22,166
156.0,11.0,22,167
157.0,11.0,22,168
158.0,11.0,22,169
159.0,11.0,22,170
160.0,11.0,22,171
160.5,11.5,23,172
161.5,11.5,23,173
162.5,11.5,23,174
163.0,12.0,24,175
164.0,12.0,24,176
165.0,12.0,24,177
166.0,12.0,24,178
167.0,12.0,24,179
167.5,12.5,25,180
168.5,12.5,25,181
169.5,12.5,25,182
170.0,13.0,26,183
170.5,13.5,27,184
171.5,13.5,27,185
172.5,13.5,27,186
173.5,13.5,27,187
174.5,13.5,27,188
175.5,13.5,27,189
176.0,14.0,28,190
177.0,14.0,28,191
178.0,14.0,28,192
179.0,14.0,28,193
180.0,14.0,28,194
181.0,14.0,28,195
182.0,14.0,28,196
183.0,14.0,28,197
184.0,14.0,28,198
185.0,14.0,28,199
185.5,14.5,29,200
186.5,14.5,29,201
187.5,14.5,29,202
188.0,15.0,30,203
189.0,15.0,30,204
190.0,15.0,30,205
191.0,15.0,30,206
192.0,15.0,30,207
192.5,15.5,31,208
193.5,15.5,31,209
194.5,15.5,31,210
195.0,16.0,32,211
196.0,16.0,32,212
197.0,16.0,32,213
198.0,16.0,32,214
199.0,16.0,32,215
200.0,16.0,32,216
200.5,16.5,33,217
201.5,16.5,33,218
202.5,16.5,33,219
203.5,16.5,33,220
204.5,16.5,33,221
205.5,16.5,33,222
206.0,17.0,34,223
207.0,17.0,34,224
208.0,17.0,34,225
209.0,17.0,34,226
210.0,17.0,34,227
211.0,17.0,34,228
211.5,17.5,35,229
212.0,18.0,36,230
213.0,18.0,36,231
214.0,18.0,36,232
214.5,18.5,37,233
215.0,19.0,38,234
216.0,19.0,38,235
217.0,19.0,38,236
217.5,19.5,39,237
218.5,19.5,39,238
219.5,19.5,39,239
220.5,19.5,39,240
221.5,19.5,39,241
222.5,19.5,39,242
223.5,19.5,39,243
224.5,19.5,39,244
225.5,19.5,39,245
226.5,19.5,39,246
227.5,19.5,39,247
228.5,19.5,39,248
229.5,19.5,39,249
230.5,19.5,39,250
231.5,19.5,39,251
232.5,19.5,39,252
233.5,19.5,39,253
234.0,20.0,40,254
235.0,20.0,40,255
236.0,20.0,40,256
237.0,20.0,40,257
237.5,20.5,41,258
238.5,20.5,41,259
239.5,20.5,41,260
240.5,20.5,41,261
241.0,21.0,42,262
242.0,21.0,42,263
243.0,21.0,42,264
244.0,21.0,42,265
245.0,21.0,42,266
246.0,21.0,42,267
247.0,21.0,42,268
248.0,21.0,42,269
249.0,21.0,42,270
249.5,21.5,43,271
250.0,22.0,44,272
250.5,22.5,45,273
251.5,22.5,45,274
252.5,22.5,45,275
253.5,22.5,45,276
254.0,23.0,46,277
255.0,23.0,46,278
255.5,23.5,47,279
256.5,23.5,47,280
257.5,23.5,47,281
258.5,23.5,47,282
259.5,23.5,47,283
260.5,23.5,47,284
261.5,23.5,47,285
262.5,23.5,47,286
263.5,23.5,47,287
264.5,23.5,47,288
265.0,24.0,48,289
266.0,24.0,48,290
267.0,24.0,48,291
268.0,24.0,48,292
269.0,24.0,48,293
270.0,24.0,48,294
271.0,24.0,48,295
271.5,24.5,49,296
272.5,24.5,49,297
273.5,24.5,49,298
274.5,24.5,49,299
275.5,24.5,49,300
276.5,24.5,49,301
277.5,24.5,49,302
278.5,24.5,49,303
279.5,24.5,49,304
280.5,24.5,49,305
281.0,25.0,50,306
281.5,25.5,51,307
282.5,25.5,51,308
283.5,25.5,51,309
284.5,25.5,51,310
285.5,25.5,51,311
286.5,25.5,51,312
287.0,26.0,52,313
288.0,26.0,52,314
289.0,26.0,52,315
289.5,26.5,53,316
290.0,27.0,54,317
291.0,27.0,54,318
292.0,27.0,54,319
293.0,27.0,54,320
294.0,27.0,54,321
295.0,27.0,54,322
296.0,27.0,54,323
297.0,27.0,54,324
298.0,27.0,54,325
299.0,27.0,54,326
300.0,27.0,54,327
301.0,27.0,54,328
302.0,27.0,54,329
303.0,27.0,54,330
304.0,27.0,54,331
305.0,27.0,54,332
306.0,27.0,54,333
306.5,27.5,55,334
307.5,27.5,55,335
308.0,28.0,56,336
308.5,28.5,57,337
309.5,28.5,57,338
310.5,28.5,57,339
311.5,28.5,57,340
312.5,28.5,57,341
313.5,28.5,57,342
314.5,28.5,57,343
315.5,28.5,57,344
316.5,28.5,57,345
317.5,28.5,57,346
318.5,28.5,57,347
319.5,28.5,57,348
320.5,28.5,57,349
321.5,28.5,57,350
322.5,28.5,57,351
323.5,28.5,57,352
324.5,28.5,57,353
325.5,28.5,57,354
326.5,28.5,57,355
327.5,28.5,57,356
328.0,29.0,58,357
329.0,29.0,58,358
330.0,29.0,58,359
331.0,29.0,58,360
332.0,29.0,58,361
333.0,29.0,58,362
334.0,29.0,58,363
335.0,29.0,58,364
336.0,29.0,58,365
337.0,29.0,58,366
338.0,29.0,58,367
339.0,29.0,58,368
340.0,29.0,58,369
341.0,29.0,58,370
342.0,29.0,58,371
343.0,29.0,58,372
344.0,29.0,58,373
345.0,29.0,58,374
345.5,29.5,59,375
346.5,29.5,59,376
347.5,29.5,59,377
348.5,29.5,59,378
349.5,29.5,59,379
350.5,29.5,59,380
351.5,29.5,59,381
352.0,30.0,60,382
352.5,30.5,61,383
353.5,30.5,61,384
354.0,31.0,62,385
355.0,31.0,62,386
356.0,31.0,62,387
357.0,31.0,62,388
358.0,31.0,62,389
359.0,31.0,62,390
359.5,31.5,63,391
360.5,31.5,63,392
361.0,32.0,64,393
362.0,32.0,64,394
363.0,32.0,64,395
364.0,32.0,64,396
364.5,32.5,65,397
365.5,32.5,65,398
366.5,32.5,65,399
367.5,32.5,65,400
368.5,32.5,65,401
369.5,32.5,65,402
370.5,32.5,65,403
371.5,32.5,65,404
372.5,32.5,65,405
373.5,32.5,65,406
374.5,32.5,65,407
375.5,32.5,65,408
376.5,32.5,65,409
377.5,32.5,65,410
378.5,32.5,65,411
379.5,32.5,65,412
380.5,32.5,65,413
381.5,32.5,65,414
382.5,32.5,65,415
383.0,33.0,66,416
384.0,33.0,66,417
385.0,33.0,66,418
386.0,33.0,66,419
386.5,33.5,67,420
387.5,33.5,67,421
388.5,33.5,67,422
389.5,33.5,67,423
390.5,33.5,67,424
391.5,33.5,67,425
392.5,33.5,67,426
393.5,33.5,67,427
394.5,33.5,67,428
395.5,33.5,67,429
396.5,33.5,67,430
397.0,34.0,68,431
398.0,34.0,68,432
399.0,34.0,68,433
400.0,34.0,68,434
401.0,34.0,68,435
402.0,34.0,68,436
402.5,34.5,69,437
403.5,34.5,69,438
404.5,34.5,69,439
405.5,34.5,69,440
406.5,34.5,69,441
407.5,34.5,69,442
408.5,34.5,69,443
409.0,35.0,70,444
410.0,35.0,70,445
411.0,35.0,70,446
412.0,35.0,70,447
413.0,35.0,70,448
414.0,35.0,70,449
415.0,35.0,70,450
415.5,35.5,71,451
416.5,35.5,71,452
417.5,35.5,71,453
418.5,35.5,71,454
419.0,36.0,72,455
419.5,36.5,73,456
420.5,36.5,73,457
421.5,36.5,73,458
422.5,36.5,73,459
423.5,36.5,73,460
424.5,36.5,73,461
425.5,36.5,73,462
426.5,36.5,73,463
427.5,36.5,73,464
428.5,36.5,73,465
429.5,36.5,73,466
430.0,37.0,74,467
431.0,37.0,74,468
432.0,37.0,74,469
433.0,37.0,74,470
434.0,37.0,74,471
434.5,37.5,75,472
435.5,37.5,75,473
436.5,37.5,75,474
437.0,38.0,76,475
438.0,38.0,76,476
439.0,38.0,76,477
440.0,38.0,76,478
441.0,38.0,76,479
442.0,38.0,76,480
443.0,38.0,76,481
443.5,38.5,77,482
444.0,39.0,78,483
445.0,39.0,78,484
446.0,39.0,78,485
447.0,39.0,78,486
448.0,39.0,78,487
449.0,39.0,78,488
449.5,39.5,79,489
450.5,39.5,79,490
451.5,39.5,79,491
452.0,40.0,80,492
453.0,40.0,80,493
454.0,40.0,80,494
455.0,40.0,80,495
456.0,40.0,80,496
457.0,40.0,80,497
458.0,40.0,80,498
459.0,40.0,80,499
459.5,40.5,81,500
460.5,40.5,81,501
461.5,40.5,81,502
462.5,40.5,81,503
463.0,41.0,82,504
464.0,41.0,82,505
464.5,41.5,83,506
465.5,41.5,83,507
466.5,41.5,83,508
467.5,41.5,83,509
468.0,42.0,84,510
469.0,42.0,84,511
470.0,42.0,84,512
471.0,42.0,84,513
471.5,42.5,85,514
472.5,42.5,85,515
473.5,42.5,85,516
474.0,43.0,86,517
475.0,43.0,86,518
476.0,43.0,86,519
477.0,43.0,86,520
478.0,43.0,86,521
479.0,43.0,86,522
480.0,43.0,86,523
481.0,43.0,86,524
482.0,43.0,86,525
483.0,43.0,86,526
484.0,43.0,86,527
485.0,43.0,86,528
486.0,43.0,86,529
487.0,43.0,86,530
488.0,43.0,86,531
489.0,43.0,86,532
490.0,43.0,86,533
490.5,43.5,87,534
491.5,43.5,87,535
492.5,43.5,87,536
493.5,43.5,87,537
494.5,43.5,87,538
495.5,43.5,87,539
496.0,44.0,88,540
497.0,44.0,88,541
497.5,44.5,89,542
498.5,44.5,89,543
499.5,44.5,89,544
500.0,45.0,90,545
501.0,45.0,90,546
502.0,45.0,90,547
503.0,45.0,90,548
504.0,45.0,90,549
505.0,45.0,90,550
506.0,45.0,90,551
507.0,45.0,90,552
508.0,45.0,90,553
509.0,45.0,90,554
510.0,45.0,90,555
511.0,45.0,90,556
512.0,45.0,90,557
513.0,45.0,90,558
513.5,45.5,91,559
514.5,45.5,91,560
515.0,46.0,92,561
516.0,46.0,92,562
517.0,46.0,92,563
518.0,46.0,92,564
519.0,46.0,92,565
520.0,46.0,92,566
521.0,46.0,92,567
522.0,46.0,92,568
522.5,46.5,93,569
523.0,47.0,94,570
524.0,47.0,94,571
525.0,47.0,94,572
526.0,47.0,94,573
527.0,47.0,94,574
528.0,47.0,94,575
529.0,47.0,94,576
530.0,47.0,94,577
531.0,47.0,94,578
532.0,47.0,94,579
533.0,47.0,94,580
534.0,47.0,94,581
535.0,47.0,94,582
536.0,47.0,94,583
536.5,47.5,95,584
537.5,47.5,95,585
538.5,47.5,95,586
539.5,47.5,95,587
540.5,47.5,95,588
541.5,47.5,95,589
542.5,47.5,95,590
543.0,48.0,96,591
544.0,48.0,96,592
545.0,48.0,96,593
546.0,48.0,96,594
547.0,48.0,96,595
547.5,48.5,97,596
548.5,48.5,97,597
549.5,48.5,97,598
550.5,48.5,97,599
551.5,48.5,97,600
552.5,48.5,97,601
553.5,48.5,97,602
554.5,48.5,97,603
555.5,48.5,97,604
556.5,48.5,97,605
557.5,48.5,97,606
558.0,49.0,98,607
559.0,49.0,98,608
560.0,49.0,98,609
561.0,49.0,98,610
562.0,49.0,98,611
563.0,49.0,98,612
564.0,49.0,98,613
565.0,49.0,98,614
566.0,49.0,98,615
567.0,49.0,98,616
568.0,49.0,98,617
569.0,49.0,98,618
570.0,49.0,98,619
571.0,49.0,98,620
572.0,49.0,98,621
573.0,49.0,98,622
574.0,49.0,98,623
575.0,49.0,98,624
576.0,49.0,98,625
577.0,49.0,98,626
578.0,49.0,98,627
579.0,49.0,98,628
580.0,49.0,98,629
580.5,49.5,99,630
581.5,49.5,99,631
582.5,49.5,99,632
583.5,49.5,99,633
584.5,49.5,99,634
585.5,49.5,99,635
586.5,49.5,99,636
587.5,49.5,99,637
588.5,49.5,99,638
589.5,49.5,99,639
590.5,49.5,99,640
591.0,50.0,100,641
592.0,50.0,100,642
593.0,50.0,100,643
594.0,50.0,100,644
595.0,50.0,100,645
596.0,50.0,100,646
597.0,50.0,100,647
598.0,50.0,100,648
599.0,50.0,100,649
600.0,50.0,100,650
601.0,50.0,100,651
602.0,50.0,100,652
603.0,50.0,100,653
604.0,50.0,100,654
605.0,50.0,100,655
606.0,50.0,100,656
607.0,50.0,100,657
607.5,50.5,101,658
608.5,50.5,101,659
609.5,50.5,101,660
610.5,50.5,101,661
611.5,50.5,101,662
612.5,50.5,101,663
613.5,50.5,101,664
614.0,51.0,102,665
614.5,51.5,103,666
615.5,51.5,103,667
616.0,52.0,104,668
617.0,52.0,104,669
618.0,52.0,104,670
619.0,52.0,104,671
620.0,52.0,104,672
621.0,52.0,104,673
622.0,52.0,104,674
623.0,52.0,104,675
624.0,52.0,104,676
625.0,52.0,104,677
626.0,52.0,104,678
626.5,52.5,105,679
627.5,52.5,105,680
628.5,52.5,105,681
629.0,53.0,106,682
630.0,53.0,106,683
631.0,53.0,106,684
632.0,53.0,106,685
633.0,53.0,106,686
634.0,53.0,106,687
635.0,53.0,106,688
635.5,53.5,107,689
636.5,53.5,107,690
637.0,54.0,108,691
638.0,54.0,108,692
639.0,54.0,108,693
639.5,54.5,109,694
640.5,54.5,109,695
641.5,54.5,109,696
642.5,54.5,109,697
643.5,54.5,109,698
644.5,54.5,109,699
645.5,54.5,109,700
646.5,54.5,109,701
647.5,54.5,109,702
648.5,54.5,109,703
649.5,54.5,109,704
650.5,54.5,109,705
651.5,54.5,109,706
652.0,55.0,110,707
652.5,55.5,111,708
653.5,55.5,111,709
654.5,55.5,111,710
655.0,56.0,112,711
656.0,56.0,112,712
657.0,56.0,112,713
658.0,56.0,112,714
659.0,56.0,112,715
660.0,56.0,112,716
660.5,56.5,113,717
661.5,56.5,113,718
662.5,56.5,113,719
663.5,56.5,113,720
664.5,56.5,113,721
665.5,56.5,113,722
666.5,56.5,113,723
667.5,56.5,113,724
668.5,56.5,113,725
669.5,56.5,113,726
670.5,56.5,113,727
671.5,56.5,113,728
672.5,56.5,113,729
673.5,56.5,113,730
674.5,56.5,113,731
675.5,56.5,113,732
676.5,56.5,113,733
677.5,56.5,113,734
678.5,56.5,113,735
679.0,57.0,114,736
680.0,57.0,114,737
681.0,57.0,114,738
682.0,57.0,114,739
683.0,57.0,114,740
684.0,57.0,114,741
685.0,57.0,114,742
686.0,57.0,114,743
687.0,57.0,114,744
688.0,57.0,114,745
689.0,57.0,114,746
690.0,57.0,114,747
690.5,57.5,115,748
691.5,57.5,115,749
692.5,57.5,115,750
693.5,57.5,115,751
694.5,57.5,115,752
695.0,58.0,116,753
695.5,58.5,117,754
696.5,58.5,117,755
697.5,58.5,117,756
698.5,58.5,117,757
699.5,58.5,117,758
700.5,58.5,117,759
701.0,59.0,118,760
702.0,59.0,118,761
703.0,59.0,118,762
704.0,59.0,118,763
705.0,59.0,118,764
706.0,59.0,118,765
707.0,59.0,118,766
708.0,59.0,118,767
709.0,59.0,118,768
710.0,59.0,118,769
711.0,59.0,118,770
711.5,59.5,119,771
712.5,59.5,119,772
713.5,59.5,119,773
714.5,59.5,119,774
715.5,59.5,119,775
716.5,59.5,119,776
717.0,60.0,120,777
718.0,60.0,120,778
719.0,60.0,120,779
720.0,60.0,120,780
721.0,60.0,120,781
722.0,60.0,120,782
723.0,60.0,120,783
724.0,60.0,120,784
725.0,60.0,120,785
726.0,60.0,120,786
727.0,60.0,120,787
728.0,60.0,120,788
729.0,60.0,120,789
730.0,60.0,120,790
731.0,60.0,120,791
732.0,60.0,120,792
733.0,60.0,120,793
734.0,60.0,120,794
734.5,60.5,121,795
735.5,60.5,121,796
736.5,60.5,121,797
737.5,60.5,121,798
738.0,61.0,122,799
739.0,61.0,122,800
740.0,61.0,122,801
741.0,61.0,122,802
741.5,61.5,123,803
742.5,61.5,123,804
743.0,62.0,124,805
744.0,62.0,124,806
745.0,62.0,124,807
746.0,62.0,124,808
746.5,62.5,125,809
747.5,62.5,125,810
748.0,63.0,126,811
749.0,63.0,126,812
750.0,63.0,126,813
751.0,63.0,126,814
752.0,63.0,126,815
753.0,63.0,126,816
754.0,63.0,126,817
755.0,63.0,126,818
756.0,63.0,126,819
757.0,63.0,126,820
758.0,63.0,126,821
759.0,63.0,126,822
760.0,63.0,126,823
761.0,63.0,126,824
762.0,63.0,126,825
763.0,63.0,126,826
764.0,63.0,126,827
765.0,63.0,126,828
766.0,63.0,126,829
767.0,63.0,126,830
768.0,63.0,126,831
769.0,63.0,126,832
769.5,63.5,127,833
770.5,63.5,127,834
771.5,63.5,127,835
772.5,63.5,127,836
773.5,63.5,127,837
774.5,63.5,127,838
775.5,63.5,127,839
776.5,63.5,127,840
777.0,64.0,128,841
778.0,64.0,128,842
779.0,64.0,128,843
780.0,64.0,128,844
781.0,64.0,128,845
781.5,64.5,129,846
782.0,65.0,130,847
782.5,65.5,131,848
783.5,65.5,131,849
784.5,65.5,131,850
785.5,65.5,131,851
786.5,65.5,131,852
787.5,65.5,131,853
788.5,65.5,131,854
789.5,65.5,131,855
790.5,65.5,131,856
791.0,66.0,132,857
792.0,66.0,132,858
793.0,66.0,132,859
794.0,66.0,132,860
795.0,66.0,132,861
795.5,66.5,133,862
796.5,66.5,133,863
797.5,66.5,133,864
798.0,67.0,134,865
799.0,67.0,134,866
800.0,67.0,134,867
801.0,67.0,134,868
802.0,67.0,134,869
802.5,67.5,135,870
803.5,67.5,135,871
804.5,67.5,135,872
805.5,67.5,135,873
806.5,67.5,135,874
807.5,67.5,135,875
808.5,67.5,135,876
809.5,67.5,135,877
810.5,67.5,135,878
811.5,67.5,135,879
812.5,67.5,135,880
813.5,67.5,135,881
814.5,67.5,135,882
815.0,68.0,136,883
815.5,68.5,137,884
816.5,68.5,137,885
817.5,68.5,137,886
818.5,68.5,137,887
819.5,68.5,137,888
820.5,68.5,137,889
821.5,68.5,137,890
822.5,68.5,137,891
823.5,68.5,137,892
824.5,68.5,137,893
825.5,68.5,137,894
826.5,68.5,137,895
827.5,68.5,137,896
828.0,69.0,138,897
829.0,69.0,138,898
830.0,69.0,138,899
831.0,69.0,138,900
832.0,69.0,138,901
833.0,69.0,138,902
833.5,69.5,139,903
834.5,69.5,139,904
835.0,70.0,140,905
836.0,70.0,140,906
837.0,70.0,140,907
838.0,70.0,140,908
839.0,70.0,140,909
840.0,70.0,140,910
840.5,70.5,141,911
841.5,70.5,141,912
842.5,70.5,141,913
843.0,71.0,142,914
844.0,71.0,142,915
845.0,71.0,142,916
846.0,71.0,142,917
847.0,71.0,142,918
848.0,71.0,142,919
848.5,71.5,143,920
849.0,72.0,144,921
850.0,72.0,144,922
851.0,72.0,144,923
852.0,72.0,144,924
853.0,72.0,144,925
854.0,72.0,144,926
855.0,72.0,144,927
856.0,72.0,144,928
857.0,72.0,144,929
858.0,72.0,144,930
858.5,72.5,145,931
859.5,72.5,145,932
860.0,73.0,146,933
861.0,73.0,146,934
862.0,73.0,146,935
863.0,73.0,146,936
864.0,73.0,146,937
865.0,73.0,146,938
866.0,73.0,146,939
867.0,73.0,146,940
868.0,73.0,146,941
868.5,73.5,147,942
869.5,73.5,147,943
870.5,73.5,147,944
871.0,74.0,148,945
872.0,74.0,148,946
873.0,74.0,148,947
874.0,74.0,148,948
875.0,74.0,148,949
876.0,74.0,148,950
877.0,74.0,148,951
878.0,74.0,148,952
879.0,74.0,148,953
880.0,74.0,148,954
881.0,74.0,148,955
882.0,74.0,148,956
882.5,74.5,149,957
883.5,74.5,149,958
884.5,74.5,149,959
885.5,74.5,149,960
886.5,74.5,149,961
887.5,74.5,149,962
888.5,74.5,149,963
889.0,75.0,150,964
890.0,75.0,150,965
891.0,75.0,150,966
892.0,75.0,150,967
893.0,75.0,150,968
893.5,75.5,151,969
894.0,76.0,152,970
895.0,76.0,152,971
896.0,76.0,152,972
897.0,76.0,152,973
898.0,76.0,152,974
899.0,76.0,152,975
900.0,76.0,152,976
901.0,76.0,152,977
902.0,76.0,152,978
903.0,76.0,152,979
904.0,76.0,152,980
905.0,76.0,152,981
906.0,76.0,152,982
907.0,76.0,152,983
908.0,76.0,152,984
908.5,76.5,153,985
909.5,76.5,153,986
910.5,76.5,153,987
911.5,76.5,153,988
912.5,76.5,153,989
913.0,77.0,154,990
913.5,77.5,155,991
914.0,78.0,156,992
915.0,78.0,156,993
916.0,78.0,156,994
917.0,78.0,156,995
918.0,78.0,156,996
919.0,78.0,156,997
920.0,78.0,156,998
921.0,78.0,156,999
922.0,78.0,156,1000
923.0,78.0,156,1001
924.0,78.0,156,1002
925.0,78.0,156,1003
926.0,78.0,156,1004
927.0,78.0,156,1005
927.5,78.5,157,1006
928.5,78.5,157,1007
929.5,78.5,157,1008
930.5,78.5,157,1009
931.5,78.5,157,1010
932.5,78.5,157,1011
933.5,78.5,157,1012
934.0,79.0,158,1013
935.0,79.0,158,1014
936.0,79.0,158,1015
936.5,79.5,159,1016
937.5,79.5,159,1017
938.0,80.0,160,1018
939.0,80.0,160,1019
940.0,80.0,160,1020
940.5,80.5,161,1021
941.5,80.5,161,1022
942.5,80.5,161,1023
943.5,80.5,161,1024
944.5,80.5,161,1025
945.5,80.5,161,1026
946.5,80.5,161,1027
947.5,80.5,161,1028
948.5,80.5,161,1029
949.5,80.5,161,1030
950.0,81.0,162,1031
951.0,81.0,162,1032
952.0,81.0,162,1033
953.0,81.0,162,1034
953.5,81.5,163,1035
954.5,81.5,163,1036
955.5,81.5,163,1037
956.5,81.5,163,1038
957.5,81.5,163,1039
958.0,82.0,164,1040
959.0,82.0,164,1041
960.0,82.0,164,1042
961.0,82.0,164,1043
962.0,82.0,164,1044
963.0,82.0,164,1045
963.5,82.5,165,1046
964.5,82.5,165,1047
965.5,82.5,165,1048
966.5,82.5,165,1049
967.5,82.5,165,1050
968.5,82.5,165,1051
969.5,82.5,165,1052
970.5,82.5,165,1053
971.5,82.5,165,1054
972.5,82.5,165,1055
973.5,82.5,165,1056
974.5,82.5,165,1057
975.5,82.5,165,1058
976.5,82.5,165,1059
977.5,82.5,165,1060
978.5,82.5,165,1061
979.0,83.0,166,1062
980.0,83.0,166,1063
981.0,83.0,166,1064
982.0,83.0,166,1065
983.0,83.0,166,1066
984.0,83.0,166,1067
984.5,83.5,167,1068
985.5,83.5,167,1069
986.5,83.5,167,1070
987.5,83.5,167,1071
988.5,83.5,167,1072
989.5,83.5,167,1073
990.5,83.5,167,1074
991.0,84.0,168,1075
992.0,84.0,168,1076
993.0,84.0,168,1077
993.5,84.5,169,1078
994.5,84.5,169,1079
995.5,84.5,169,1080
996.5,84.5,169,1081
997.5,84.5,169,1082
998.0,85.0,170,1083
999.0,85.0,170,1084
999.5,85.5,171,1085
1000.5,85.5,171,1086
1001.5,85.5,171,1087
1002.5,85.5,171,1088
1003.5,85.5,171,1089
1004.0,86.0,172,1090
1005.0,86.0,172,1091
1006.0,86.0,172,1092
1007.0,86.0,172,1093
1008.0,86.0,172,1094
1008.5,86.5,173,1095
1009.5,86.5,173,1096
1010.5,86.5,173,1097
1011.5,86.5,173,1098
1012.0,87.0,174,1099
1013.0,87.0,174,1100
1014.0,87.0,174,1101
1015.0,87.0,174,1102
1016.0,87.0,174,1103
1017.0,87.0,174,1104
1018.0,87.0,174,1105
1019.0,87.0,174,1106
1020.0,87.0,174,1107
1020.5,87.5,175,1108
1021.0,88.0,176,1109
1022.0,88.0,176,1110
1023.0,88.0,176,1111
1024.0,88.0,176,1112
1024.5,88.5,177,1113
1025.5,88.5,177,1114
1026.5,88.5,177,1115
1027.5,88.5,177,1116
1028.5,88.5,177,1117
1029.5,88.5,177,1118
1030.5,88.5,177,1119
1031.5,88.5,177,1120
1032.5,88.5,177,1121
1033.5,88.5,177,1122
1034.5,88.5,177,1123
1035.5,88.5,177,1124
1036.5,88.5,177,1125
1037.5,88.5,177,1126
1038.0,89.0,178,1127
1039.0,89.0,178,1128
1039.5,89.5,179,1129
1040.5,89.5,179,1130
1041.0,90.0,180,1131
1042.0,90.0,180,1132
1043.0,90.0,180,1133
1044.0,90.0,180,1134
1045.0,90.0,180,1135
1046.0,90.0,180,1136
1047.0,90.0,180,1137
1047.5,90.5,181,1138
1048.5,90.5,181,1139
1049.5,90.5,181,1140
1050.5,90.5,181,1141
1051.0,91.0,182,1142
1052.0,91.0,182,1143
1053.0,91.0,182,1144
1054.0,91.0,182,1145
1054.5,91.5,183,1146
1055.5,91.5,183,1147
1056.5,91.5,183,1148
1057.5,91.5,183,1149
1058.0,92.0,184,1150
1059.0,92.0,184,1151
1060.0,92.0,184,1152
1061.0,92.0,184,1153
1062.0,92.0,184,1154
1063.0,92.0,184,1155
1064.0,92.0,184,1156
1064.5,92.5,185,1157
1065.5,92.5,185,1158
1066.5,92.5,185,1159
1067.5,92.5,185,1160
1068.5,92.5,185,1161
1069.5,92.5,185,1162
1070.5,92.5,185,1163
1071.5,92.5,185,1164
1072.5,92.5,185,1165
1073.5,92.5,185,1166
1074.5,92.5,185,1167
1075.5,92.5,185,1168
1076.5,92.5,185,1169
1077.5,92.5,185,1170
1078.5,92.5,185,1171
1079.5,92.5,185,1172
1080.5,92.5,185,1173
1081.5,92.5,185,1174
1082.5,92.5,185,1175
1083.5,92.5,185,1176
1084.5,92.5,185,1177
1085.5,92.5,185,1178
1086.5,92.5,185,1179
1087.5,92.5,185,1180
1088.5,92.5,185,1181
1089.5,92.5,185,1182
1090.5,92.5,185,1183
1091.5,92.5,185,1184
1092.0,93.0,186,1185
1093.0,93.0,186,1186
1094.0,93.0,186,1187
1095.0,93.0,186,1188
1095.5,93.5,187,1189
1096.5,93.5,187,1190
1097.5,93.5,187,1191
1098.5,93.5,187,1192
1099.5,93.5,187,1193
1100.5,93.5,187,1194
1101.5,93.5,187,1195
1102.5,93.5,187,1196
1103.5,93.5,187,1197
1104.0,94.0,188,1198
1105.0,94.0,188,1199
1106.0,94.0,188,1200
1107.0,94.0,188,1201
1108.0,94.0,188,1202
1109.0,94.0,188,1203
1109.5,94.5,189,1204
1110.5,94.5,189,1205
1111.5,94.5,189,1206
1112.0,95.0,190,1207
1113.0,95.0,190,1208
1114.0,95.0,190,1209
1115.0,95.0,190,1210
1116.0,95.0,190,1211
1117.0,95.0,190,1212
1117.5,95.5,191,1213
1118.0,96.0,192,1214
1119.0,96.0,192,1215
1120.0,96.0,192,1216
1121.0,96.0,192,1217
1122.0,96.0,192,1218
1123.0,96.0,192,1219
1124.0,96.0,192,1220
1125.0,96.0,192,1221
1126.0,96.0,192,1222
1127.0,96.0,192,1223
1128.0,96.0,192,1224
1129.0,96.0,192,1225
1129.5,96.5,193,1226
1130.5,96.5,193,1227
1131.5,96.5,193,1228
1132.5,96.5,193,1229
1133.0,97.0,194,1230
1133.5,97.5,195,1231
1134.5,97.5,195,1232
1135.5,97.5,195,1233
1136.5,97.5,195,1234
1137.5,97.5,195,1235
1138.5,97.5,195,1236
1139.5,97.5,195,1237
1140.5,97.5,195,1238
1141.5,97.5,195,1239
1142.5,97.5,195,1240
1143.5,97.5,195,1241
1144.5,97.5,195,1242
1145.5,97.5,195,1243
1146.5,97.5,195,1244
1147.5,97.5,195,1245
1148.5,97.5,195,1246
1149.0,98.0,196,1247
1150.0,98.0,196,1248
1151.0,98.0,196,1249
1151.5,98.5,197,1250
1152.5,98.5,197,1251
1153.5,98.5,197,1252
1154.5,98.5,197,1253
1155.5,98.5,197,1254
1156.5,98.5,197,1255
1157.5,98.5,197,1256
1158.5,98.5,197,1257
1159.5,98.5,197,1258
1160.5,98.5,197,1259
1161.5,98.5,197,1260
1162.5,98.5,197,1261
1163.5,98.5,197,1262
1164.5,98.5,197,1263
1165.5,98.5,197,1264
1166.5,98.5,197,1265
1167.5,98.5,197,1266
1168.5,98.5,197,1267
1169.5,98.5,197,1268
1170.5,98.5,197,1269
1171.5,98.5,197,1270
1172.5,98.5,197,1271
1173.5,98.5,197,1272
1174.5,98.5,197,1273
1175.5,98.5,197,1274
1176.5,98.5,197,1275
1177.5,98.5,197,1276
1178.0,99.0,198,1277
1179.0,99.0,198,1278
1180.0,99.0,198,1279
1181.0,99.0,198,1280
1182.0,99.0,198,1281
1183.0,99.0,198,1282
1184.0,99.0,198,1283
1184.5,99.5,199,1284
1185.5,99.5,199,1285
1186.5,99.5,199,1286
1187.5,99.5,199,1287
1188.5,99.5,199,1288
1189.5,99.5,199,1289
1190.5,99.5,199,1290
1191.5,99.5,199,1291
1192.5,99.5,199,1292
1193.5,99.5,199,1293
1194.5,99.5,199,1294
1195.5,99.5,199,1295
1196.5,99.5,199,1296
1197.5,99.5,199,1297
1198.0,100.0,200,1298
1199.0,100.0,200,1299
1200.0,100.0,200,1300
1201.0,100.0,200,1301
1202.0,100.0,200,1302
1203.0,100.0,200,1303
1204.0,100.0,200,1304
1205.0,100.0,200,1305
1206.0,100.0,200,1306
1207.0,100.0,200,1307
1207.5,100.5,201,1308
1208.5,100.5,201,1309
1209.5,100.5,201,1310
1210.0,101.0,202,1311
1210.5,101.5,203,1312
1211.5,101.5,203,1313
1212.5,101.5,203,1314
1213.5,101.5,203,1315
1214.5,101.5,203,1316
1215.5,101.5,203,1317
1216.5,101.5,203,1318
1217.5,101.5,203,1319
1218.5,101.5,203,1320
1219.5,101.5,203,1321
1220.5,101.5,203,1322
1221.0,102.0,204,1323
1222.0,102.0,204,1324
1223.0,102.0,204,1325
1224.0,102.0,204,1326
1225.0,102.0,204,1327
1226.0,102.0,204,1328
1227.0,102.0,204,1329
1228.0,102.0,204,1330
1229.0,102.0,204,1331
1230.0,102.0,204,1332
1231.0,102.0,204,1333
1232.0,102.0,204,1334
1232.5,102.5,205,1335
1233.5,102.5,205,1336
1234.5,102.5,205,1337
1235.5,102.5,205,1338
1236.5,102.5,205,1339
1237.5,102.5,205,1340
1238.5,102.5,205,1341
1239.5,102.5,205,1342
1240.5,102.5,205,1343
1241.5,102.5,205,1344
1242.5,102.5,205,1345
1243.5,102.5,205,1346
1244.5,102.5,205,1347
1245.0,103.0,206,1348
1246.0,103.0,206,1349
1247.0,103.0,206,1350
1248.0,103.0,206,1351
1248.5,103.5,207,1352
1249.5,103.5,207,1353
1250.5,103.5,207,1354
1251.5,103.5,207,1355
1252.5,103.5,207,1356
1253.5,103.5,207,1357
1254.5,103.5,207,1358
1255.5,103.5,207,1359
1256.0,104.0,208,1360
1256.5,104.5,209,1361
1257.0,105.0,210,1362
1257.5,105.5,211,1363
1258.5,105.5,211,1364
1259.5,105.5,211,1365
1260.5,105.5,211,1366
1261.5,105.5,211,1367
1262.5,105.5,211,1368
1263.5,105.5,211,1369
1264.5,105.5,211,1370
1265.5,105.5,211,1371
1266.5,105.5,211,1372
1267.5,105.5,211,1373
1268.5,105.5,211,1374
1269.5,105.5,211,1375
1270.5,105.5,211,1376
1271.5,105.5,211,1377
1272.5,105.5,211,1378
1273.5,105.5,211,1379
1274.0,106.0,212,1380
1275.0,106.0,212,1381
1276.0,106.0,212,1382
1277.0,106.0,212,1383
1278.0,106.0,212,1384
1279.0,106.0,212,1385
1280.0,106.0,212,1386
1281.0,106.0,212,1387
1282.0,106.0,212,1388
1283.0,106.0,212,1389
1284.0,106.0,212,1390
1285.0,106.0,212,1391
1286.0,106.0,212,1392
1287.0,106.0,212,1393
1288.0,106.0,212,1394
1289.0,106.0,212,1395
1289.5,106.5,213,1396
1290.5,106.5,213,1397
1291.5,106.5,213,1398
1292.5,106.5,213,1399
1293.5,106.5,213,1400
1294.5,106.5,213,1401
1295.5,106.5,213,1402
1296.5,106.5,213,1403
1297.5,106.5,213,1404
1298.5,106.5,213,1405
1299.5,106.5,213,1406
1300.0,107.0,214,1407
1301.0,107.0,214,1408
1302.0,107.0,214,1409
1303.0,107.0,214,1410
1303.5,107.5,215,1411
1304.5,107.5,215,1412
1305.5,107.5,215,1413
1306.5,107.5,215,1414
1307.5,107.5,215,1415
1308.5,107.5,215,1416
1309.5,107.5,215,1417
1310.5,107.5,215,1418
1311.0,108.0,216,1419
1312.0,108.0,216,1420
1313.0,108.0,216,1421
1314.0,108.0,216,1422
1315.0,108.0,216,1423
1316.0,108.0,216,1424
1316.5,108.5,217,1425
1317.0,109.0,218,1426
1318.0,109.0,218,1427
1319.0,109.0,218,1428
1320.0,109.0,218,1429
1320.5,109.5,219,1430
1321.5,109.5,219,1431
1322.5,109.5,219,1432
1323.5,109.5,219,1433
1324.5,109.5,219,1434
1325.5,109.5,219,1435
1326.5,109.5,219,1436
1327.5,109.5,219,1437
1328.5,109.5,219,1438
1329.5,109.5,219,1439
1330.5,109.5,219,1440
1331.5,109.5,219,1441
1332.0,110.0,220,1442
1333.0,110.0,220,1443
1334.0,110.0,220,1444
1334.5,110.5,221,1445
1335.5,110.5,221,1446
1336.0,111.0,222,1447
1337.0,111.0,222,1448
1338.0,111.0,222,1449
1339.0,111.0,222,1450
1339.5,111.5,223,1451
1340.5,111.5,223,1452
1341.5,111.5,223,1453
1342.5,111.5,223,1454
1343.5,111.5,223,1455
1344.5,111.5,223,1456
1345.5,111.5,223,1457
1346.5,111.5,223,1458
1347.0,112.0,224,1459
1348.0,112.0,224,1460
1349.0,112.0,224,1461
1350.0,112.0,224,1462
1351.0,112.0,224,1463
1352.0,112.0,224,1464
1353.0,112.0,224,1465
1353.5,112.5,225,1466
1354.5,112.5,225,1467
1355.5,112.5,225,1468
1356.5,112.5,225,1469
1357.5,112.5,225,1470
1358.0,113.0,226,1471
1359.0,113.0,226,1472
1360.0,113.0,226,1473
1361.0,113.0,226,1474
1362.0,113.0,226,1475
1363.0,113.0,226,1476
1363.5,113.5,227,1477
1364.5,113.5,227,1478
1365.5,113.5,227,1479
1366.5,113.5,227,1480
1367.5,113.5,227,1481
1368.5,113.5,227,1482
1369.5,113.5,227,1483
1370.0,114.0,228,1484
1371.0,114.0,228,1485
1372.0,114.0,228,1486
1373.0,114.0,228,1487
1373.5,114.5,229,1488
1374.5,114.5,229,1489
1375.5,114.5,229,1490
1376.5,114.5,229,1491
1377.5,114.5,229,1492
1378.5,114.5,229,1493
1379.5,114.5,229,1494
1380.5,114.5,229,1495
1381.5,114.5,229,1496
1382.5,114.5,229,1497
1383.0,115.0,230,1498
1384.0,115.0,230,1499
1384.5,115.5,231,1500
1385.0,116.0,232,1501
1386.0,116.0,232,1502
1387.0,116.0,232,1503
1388.0,116.0,232,1504
1389.0,116.0,232,1505
1389.5,116.5,233,1506
1390.5,116.5,233,1507
1391.0,117.0,234,1508
1392.0,117.0,234,1509
1393.0,117.0,234,1510
1393.5,117.5,235,1511
1394.5,117.5,235,1512
1395.5,117.5,235,1513
1396.5,117.5,235,1514
1397.5,117.5,235,1515
1398.5,117.5,235,1516
1399.5,117.5,235,1517
1400.5,117.5,235,1518
1401.5,117.5,235,1519
1402.5,117.5,235,1520
1403.5,117.5,235,1521
1404.0,118.0,236,1522
1405.0,118.0,236,1523
1406.0,118.0,236,1524
1407.0,118.0,236,1525
1408.0,118.0,236,1526
1409.0,118.0,236,1527
1410.0,118.0,236,1528
1411.0,118.0,236,1529
1412.0,118.0,236,1530
1413.0,118.0,236,1531
1414.0,118.0,236,1532
1415.0,118.0,236,1533
1415.5,118.5,237,1534
1416.5,118.5,237,1535
1417.0,119.0,238,1536
1418.0,119.0,238,1537
1419.0,119.0,238,1538
1420.0,119.0,238,1539
1421.0,119.0,238,1540
1421.5,119.5,239,1541
1422.5,119.5,239,1542
1423.5,119.5,239,1543
1424.5,119.5,239,1544
1425.5,119.5,239,1545
1426.5,119.5,239,1546
1427.0,120.0,240,1547
1428.0,120.0,240,1548
1428.5,120.5,241,1549
1429.5,120.5,241,1550
1430.5,120.5,241,1551
1431.5,120.5,241,1552
1432.5,120.5,241,1553
1433.5,120.5,241,1554
1434.5,120.5,241,1555
1435.5,120.5,241,1556
1436.5,120.5,241,1557
1437.5,120.5,241,1558
1438.5,120.5,241,1559
1439.0,121.0,242,1560
1440.0,121.0,242,1561
1441.0,121.0,242,1562
1442.0,121.0,242,1563
1443.0,121.0,242,1564
1444.0,121.0,242,1565
1445.0,121.0,242,1566
1446.0,121.0,242,1567
1447.0,121.0,242,1568
1448.0,121.0,242,1569
1449.0,121.0,242,1570
1450.0,121.0,242,1571
1451.0,121.0,242,1572
1452.0,121.0,242,1573
1453.0,121.0,242,1574
1454.0,121.0,242,1575
1455.0,121.0,242,1576
1456.0,121.0,242,1577
1457.0,121.0,242,1578
1458.0,121.0,242,1579
1459.0,121.0,242,1580
1459.5,121.5,243,1581
1460.5,121.5,243,1582
1461.0,122.0,244,1583
1461.5,122.5,245,1584
1462.5,122.5,245,1585
1463.5,122.5,245,1586
1464.5,122.5,245,1587
1465.5,122.5,245,1588
1466.5,122.5,245,1589
1467.0,123.0,246,1590
1468.0,123.0,246,1591
1469.0,123.0,246,1592
1470.0,123.0,246,1593
1471.0,123.0,246,1594
1472.0,123.0,246,1595
1473.0,123.0,246,1596
1474.0,123.0,246,1597
1475.0,123.0,246,1598
1476.0,123.0,246,1599
1477.0,123.0,246,1600
1478.0,123.0,246,1601
1479.0,123.0,246,1602
1479.5,123.5,247,1603
1480.5,123.5,247,1604
1481.5,123.5,247,1605
1482.5,123.5,247,1606
1483.0,124.0,248,1607
1484.0,124.0,248,1608
1485.0,124.0,248,1609
1486.0,124.0,248,1610
1487.0,124.0,248,1611
1488.0,124.0,248,1612
1489.0,124.0,248,1613
1490.0,124.0,248,1614
1491.0,124.0,248,1615
1492.0,124.0,248,1616
1493.0,124.0,248,1617
1494.0,124.0,248,1618
1495.0,124.0,248,1619
1496.0,124.0,248,1620
1497.0,124.0,248,1621
1498.0,124.0,248,1622
1499.0,124.0,248,1623
1500.0,124.0,248,1624
1501.0,124.0,248,1625
1502.0,124.0,248,1626
1503.0,124.0,248,1627
1503.5,124.5,249,1628
1504.5,124.5,249,1629
1505.5,124.5,249,1630
1506.0,125.0,250,1631
1507.0,125.0,250,1632
1508.0,125.0,250,1633
1508.5,125.5,251,1634
1509.5,125.5,251,1635
1510.0,126.0,252,1636
1511.0,126.0,252,1637
1512.0,126.0,252,1638
1513.0,126.0,252,1639
1514.0,126.0,252,1640
1515.0,126.0,252,1641
1516.0,126.0,252,1642
1517.0,126.0,252,1643
1518.0,126.0,252,1644
1518.5,126.5,253,1645
1519.5,126.5,253,1646
1520.5,126.5,253,1647
1521.5,126.5,253,1648
1522.5,126.5,253,1649
1523.5,126.5,253,1650
1524.5,126.5,253,1651
1525.5,126.5,253,1652
1526.5,126.5,253,1653
1527.5,126.5,253,1654
1528.5,126.5,253,1655
1529.5,126.5,253,1656
1530.5,126.5,253,1657
1531.5,126.5,253,1658
1532.5,126.5,253,1659
1533.5,126.5,253,1660
1534.5,126.5,253,1661
1535.0,127.0,254,1662
1535.5,127.5,255,1663
1536.5,127.5,255,1664
1537.5,127.5,255,1665
1538.5,127.5,255,1666
1539.5,127.5,255,1667
1540.5,127.5,255,1668
1541.5,127.5,255,1669
1542.5,127.5,255,1670
1543.5,127.5,255,1671
1544.5,127.5,255,1672
1545.0,128.0,256,1673
1546.0,128.0,256,1674
1547.0,128.0,256,1675
1548.0,128.0,256,1676
1549.0,128.0,256,1677
1550.0,128.0,256,1678
1551.0,128.0,256,1679
1552.0,128.0,256,1680
1553.0,128.0,256,1681
1554.0,128.0,256,1682
1555.0,128.0,256,1683
1556.0,128.0,256,1684
1557.0,128.0,256,1685
1558.0,128.0,256,1686
1559.0,128.0,256,1687
1560.0,128.0,256,1688
1561.0,128.0,256,1689
1562.0,128.0,256,1690
1563.0,128.0,256,1691
1564.0,128.0,256,1692
1565.0,128.0,256,1693
1566.0,128.0,256,1694
1567.0,128.0,256,1695
1568.0,128.0,256,1696
1569.0,128.0,256,1697
1570.0,128.0,256,1698
1571.0,128.0,256,1699
1572.0,128.0,256,1700
1573.0,128.0,256,1701
1574.0,128.0,256,1702
1575.0,128.0,256,1703
1576.0,128.0,256,1704
1577.0,128.0,256,1705
1578.0,128.0,256,1706
1579.0,128.0,256,1707
1579.5,128.5,257,1708
1580.5,128.5,257,1709
1581.5,128.5,257,1710
1582.5,128.5,257,1711
1583.0,129.0,258,1712
1584.0,129.0,258,1713
1584.5,129.5,259,1714
1585.0,130.0,260,1715
1586.0,130.0,260,1716
1587.0,130.0,260,1717
1588.0,130.0,260,1718
1589.0,130.0,260,1719
1590.0,130.0,260,1720
1591.0,130.0,260,1721
1592.0,130.0,260,1722
1593.0,130.0,260,1723
1594.0,130.0,260,1724
1595.0,130.0,260,1725
1596.0,130.0,260,1726
1597.0,130.0,260,1727
1598.0,130.0,260,1728
1599.0,130.0,260,1729
1599.5,130.5,261,1730
1600.5,130.5,261,1731
1601.5,130.5,261,1732
1602.5,130.5,261,1733
1603.5,130.5,261,1734
1604.5,130.5,261,1735
1605.5,130.5,261,1736
1606.5,130.5,261,1737
1607.5,130.5,261,1738
1608.5,130.5,261,1739
1609.5,130.5,261,1740
1610.5,130.5,261,1741
1611.5,130.5,261,1742
1612.5,130.5,261,1743
1613.5,130.5,261,1744
1614.5,130.5,261,1745
1615.5,130.5,261,1746
1616.5,130.5,261,1747
1617.5,130.5,261,1748
1618.5,130.5,261,1749
1619.5,130.5,261,1750
1620.5,130.5,261,1751
1621.5,130.5,261,1752
1622.5,130.5,261,1753
1623.0,131.0,262,1754
1623.5,131.5,263,1755
1624.5,131.5,263,1756
1625.5,131.5,263,1757
1626.0,132.0,264,1758
1627.0,132.0,264,1759
1628.0,132.0,264,1760
1628.5,132.5,265,1761
1629.0,133.0,266,1762
1630.0,133.0,266,1763
1631.0,133.0,266,1764
1632.0,133.0,266,1765
1633.0,133.0,266,1766
1634.0,133.0,266,1767
1635.0,133.0,266,1768
1636.0,133.0,266,1769
1637.0,133.0,266,1770
1638.0,133.0,266,1771
1639.0,133.0,266,1772
1640.0,133.0,266,1773
1641.0,133.0,266,1774
1642.0,133.0,266,1775
1642.5,133.5,267,1776
1643.5,133.5,267,1777
1644.5,133.5,267,1778
1645.5,133.5,267,1779
1646.5,133.5,267,1780
1647.5,133.5,267,1781
1648.5,133.5,267,1782
1649.5,133.5,267,1783
1650.5,133.5,267,1784
1651.5,133.5,267,1785
1652.5,133.5,267,1786
1653.5,133.5,267,1787
1654.5,133.5,267,1788
1655.5,133.5,267,1789
1656.5,133.5,267,1790
1657.5,133.5,267,1791
1658.5,133.5,267,1792
1659.5,133.5,267,1793
1660.5,133.5,267,1794
1661.5,133.5,267,1795
1662.5,133.5,267,1796
1663.5,133.5,267,1797
1664.5,133.5,267,1798
1665.5,133.5,267,1799
1666.5,133.5,267,1800
1667.5,133.5,267,1801
1668.5,133.5,267,1802
1669.0,134.0,268,1803
1670.0,134.0,268,1804
1671.0,134.0,268,1805
1672.0,134.0,268,1806
1673.0,134.0,268,1807
1674.0,134.0,268,1808
1675.0,134.0,268,1809
1676.0,134.0,268,1810
1677.0,134.0,268,1811
1678.0,134.0,268,1812
1679.0,134.0,268,1813
1680.0,134.0,268,1814
1680.5,134.5,269,1815
1681.5,134.5,269,1816
1682.5,134.5,269,1817
1683.5,134.5,269,1818
1684.5,134.5,269,1819
1685.5,134.5,269,1820
1686.5,134.5,269,1821
1687.0,135.0,270,1822
1688.0,135.0,270,1823
1689.0,135.0,270,1824
1690.0,135.0,270,1825
1691.0,135.0,270,1826
1692.0,135.0,270,1827
1693.0,135.0,270,1828
1694.0,135.0,270,1829
1695.0,135.0,270,1830
1696.0,135.0,270,1831
1697.0,135.0,270,1832
1698.0,135.0,270,1833
1699.0,135.0,270,1834
1700.0,135.0,270,1835
1701.0,135.0,270,1836
1702.0,135.0,270,1837
1703.0,135.0,270,1838
1704.0,135.0,270,1839
1705.0,135.0,270,1840
1706.0,135.0,270,1841
1707.0,135.0,270,1842
1708.0,135.0,270,1843
1709.0,135.0,270,1844
1710.0,135.0,270,1845
1711.0,135.0,270,1846
1712.0,135.0,270,1847
1713.0,135.0,270,1848
1713.5,135.5,271,1849
1714.5,135.5,271,1850
1715.5,135.5,271,1851
1716.5,135.5,271,1852
1717.0,136.0,272,1853
1717.5,136.5,273,1854
1718.5,136.5,273,1855
1719.5,136.5,273,1856
1720.5,136.5,273,1857
1721.5,136.5,273,1858
1722.5,136.5,273,1859
1723.5,136.5,273,1860
1724.5,136.5,273,1861
1725.5,136.5,273,1862
1726.5,136.5,273,1863
1727.0,137.0,274,1864
1728.0,137.0,274,1865
1729.0,137.0,274,1866
1730.0,137.0,274,1867
1731.0,137.0,274,1868
1732.0,137.0,274,1869
1733.0,137.0,274,1870
1734.0,137.0,274,1871
1735.0,137.0,274,1872
1736.0,137.0,274,1873
1737.0,137.0,274,1874
1737.5,137.5,275,1875
1738.5,137.5,275,1876
1739.5,137.5,275,1877
1740.0,138.0,276,1878
1741.0,138.0,276,1879
1742.0,138.0,276,1880
1742.5,138.5,277,1881
1743.5,138.5,277,1882
1744.5,138.5,277,1883
1745.5,138.5,277,1884
1746.5,138.5,277,1885
1747.5,138.5,277,1886
1748.5,138.5,277,1887
1749.5,138.5,277,1888
1750.5,138.5,277,1889
1751.0,139.0,278,1890
1751.5,139.5,279,1891
1752.5,139.5,279,1892
1753.0,140.0,280,1893
1753.5,140.5,281,1894
1754.5,140.5,281,1895
1755.5,140.5,281,1896
1756.5,140.5,281,1897
1757.5,140.5,281,1898
1758.5,140.5,281,1899
1759.5,140.5,281,1900
1760.0,141.0,282,1901
1761.0,141.0,282,1902
1762.0,141.0,282,1903
1763.0,141.0,282,1904
1764.0,141.0,282,1905
1765.0,141.0,282,1906
1766.0,141.0,282,1907
1767.0,141.0,282,1908
1768.0,141.0,282,1909
1769.0,141.0,282,1910
1770.0,141.0,282,1911
1771.0,141.0,282,1912
1772.0,141.0,282,1913
1772.5,141.5,283,1914
1773.5,141.5,283,1915
1774.5,141.5,283,1916
1775.5,141.5,283,1917
1776.5,141.5,283,1918
1777.0,142.0,284,1919
1778.0,142.0,284,1920
1778.5,142.5,285,1921
1779.5,142.5,285,1922
1780.5,142.5,285,1923
1781.0,143.0,286,1924
1782.0,143.0,286,1925
1782.5,143.5,287,1926
1783.5,143.5,287,1927
1784.5,143.5,287,1928
1785.5,143.5,287,1929
1786.5,143.5,287,1930
1787.5,143.5,287,1931
1788.5,143.5,287,1932
1789.5,143.5,287,1933
1790.5,143.5,287,1934
1791.5,143.5,287,1935
1792.5,143.5,287,1936
1793.5,143.5,287,1937
1794.5,143.5,287,1938
1795.0,144.0,288,1939
1796.0,144.0,288,1940
1797.0,144.0,288,1941
1798.0,144.0,288,1942
1799.0,144.0,288,1943
1799.5,144.5,289,1944
1800.5,144.5,289,1945
1801.5,144.5,289,1946
1802.5,144.5,289,1947
1803.5,144.5,289,1948
1804.5,144.5,289,1949
1805.0,145.0,290,1950
1805.5,145.5,291,1951
1806.5,145.5,291,1952
1807.5,145.5,291,1953
1808.5,145.5,291,1954
1809.5,145.5,291,1955
1810.5,145.5,291,1956
1811.0,146.0,292,1957
1811.5,146.5,293,1958
1812.5,146.5,293,1959
1813.5,146.5,293,1960
1814.0,147.0,294,1961
1815.0,147.0,294,1962
1816.0,147.0,294,1963
1817.0,147.0,294,1964
1817.5,147.5,295,1965
1818.5,147.5,295,1966
1819.5,147.5,295,1967
1820.0,148.0,296,1968
1820.5,148.5,297,1969
1821.5,148.5,297,1970
1822.5,148.5,297,1971
1823.5,148.5,297,1972
1824.5,148.5,297,1973
1825.0,149.0,298,1974
1826.0,149.0,298,1975
1827.0,149.0,298,1976
1828.0,149.0,298,1977
1829.0,149.0,298,1978
1830.0,149.0,298,1979
1831.0,149.0,298,1980
1832.0,149.0,298,1981
1833.0,149.0,298,1982
1834.0,149.0,298,1983
1835.0,149.0,298,1984
1836.0,149.0,298,1985
1836.5,149.5,299,1986
1837.5,149.5,299,1987
1838.5,149.5,299,1988
1839.5,149.5,299,1989
1840.0,150.0,300,1990
1841.0,150.0,300,1991
1842.0,150.0,300,1992
1842.5,150.5,301,1993
1843.5,150.5,301,1994
1844.5,150.5,301,1995
1845.5,150.5,301,1996
1846.5,150.5,301,1997
1847.5,150.5,301,1998
1848.5,150.5,301,1999
1849.5,150.5,301,2000
